"2112inc.frontdeskhq.com","","","","","","google_site_web"
"4active.frontdeskhq.com","","","","","","google_site_web"
"aau.frontdeskhq.com","","","","","","google_site_web"
"aclai.frontdeskhq.com","","","","","","google_site_web"
"activelifeconditioning.frontdeskhq.com","","","","","","google_site_web"
"aerialclt.frontdeskhq.com","","","","","","google_site_web"
"aerialdragons.frontdeskhq.com","","","","","","bing_domain_web"
"agogefit9.frontdeskhq.com","","","","","","google_site_web"
"alpine-endeavors.frontdeskhq.com","","","","","","google_site_web"
"amaka.frontdeskhq.com","","","","","","bing_domain_web"
"annapolis-sor.frontdeskhq.com","","","","","","google_site_web"
"annarbor-sor.frontdeskhq.com","","","","","","google_site_web"
"arlingtonheights-sor.frontdeskhq.com","","","","","","google_site_web"
"ashburn-sor.frontdeskhq.com","","","","","","google_site_web"
"aurora-sor.frontdeskhq.com","","","","","","google_site_web"
"austin-sor.frontdeskhq.com","","","","","","google_site_web"
"authenticstrength.frontdeskhq.com","","","","","","bing_domain_web"
"avantacademyofmusic.frontdeskhq.com","","","","","","google_site_web"
"babybootcamp-athensbogartwatkinsville.frontdeskhq.com","","","","","","google_site_web"
"babybootcamp-beaverton.frontdeskhq.com","","","","","","google_site_web"
"babybootcamp-burlingtonwinchesterwoburn.frontdeskhq.com","","","","","","google_site_web"
"babybootcamp-carmelfishersnoblesville.frontdeskhq.com","","","","","","google_site_web"
"babybootcamp-chandlersouthgilbertsouth.frontdeskhq.com","","","","","","google_site_web"
"babybootcamp-happyvalleyportlandsoutheast.frontdeskhq.com","","","","","","google_site_web"
"babybootcamp-hobokenjerseycitytheheights.frontdeskhq.com","","","","","","google_site_web"
"babybootcamp-jacksonvillesouthside.frontdeskhq.com","","","","","","google_site_web"
"babybootcamp-orlandocentral.frontdeskhq.com","","","","","","google_site_web"
"ballwin-sor.frontdeskhq.com","","","","","","google_site_web"
"baltimore-sor.frontdeskhq.com","","","","","","google_site_web"
"bayoucitycrossfit.frontdeskhq.com","","","","","","google_site_web"
"bcsc.frontdeskhq.com","","","","","","google_site_web"
"beginfitness.frontdeskhq.com","","","","","","google_site_web"
"bentonvillerogers-sor.frontdeskhq.com","","","","","","google_site_web"
"bentriver.frontdeskhq.com","","","","","","google_site_web"
"bigbluecrossfit.frontdeskhq.com","","","","","","bing_domain_web"
"bigimpactfitness.frontdeskhq.com","","","","","","bing_domain_web"
"bikramsouthpas.frontdeskhq.com","","","","","","google_site_web"
"blog.frontdeskhq.com","","","","","","google_site_web"
"boston-sor.frontdeskhq.com","","","","","","google_site_web"
"boulder-sor.frontdeskhq.com","","","","","","google_site_web"
"breatheyogagranville.frontdeskhq.com","","","","","","google_site_web"
"brickhousecrossfit.frontdeskhq.com","","","","","","google_site_web"
"brickspt.frontdeskhq.com","","","","","","bing_domain_web"
"brickweho.frontdeskhq.com","","","","","","google_site_web"
"broomfield-sor.frontdeskhq.com","","","","","","google_site_web"
"btcfit.frontdeskhq.com","","","","","","bing_domain_web"
"buding.frontdeskhq.com","","","","","","google_site_web"
"bullardstrengthconditioning.frontdeskhq.com","","","","","","google_site_web"
"burbank-sor.frontdeskhq.com","","","","","","google_site_web"
"bxbc.frontdeskhq.com","","","","","","google_site_web"
"capefearcircusartsstudio.frontdeskhq.com","","","","","","google_site_web"
"carmel-sor.frontdeskhq.com","","","","","","google_site_web"
"castelocrossfit.frontdeskhq.com","","","","","","google_site_web"
"cb3crosstraining.frontdeskhq.com","","","","","","bing_domain_web"
"celticcrossfit.frontdeskhq.com","","","","","","google_site_web"
"certificationsforlifeinc.frontdeskhq.com","","","","","","google_site_web"
"cf870.frontdeskhq.com","","","","","","google_site_web"
"cfdc.frontdeskhq.com","","","","","","bing_domain_web"
"cfen.frontdeskhq.com","","","","","","google_site_web"
"cffra.frontdeskhq.com","","","","","","google_site_web"
"cfmaintaunus.frontdeskhq.com","","","","","","google_site_web"
"cfme.frontdeskhq.com","","","","","","baidu_site"
"cfnfc.frontdeskhq.com","","","","","","google_site_web"
"cfplett.frontdeskhq.com","","","","","","google_site_web"
"cfsb.frontdeskhq.com","","","","","","google_site_web"
"chainsports.frontdeskhq.com","","","","","","google_site_web"
"chatham-sor.frontdeskhq.com","","","","","","google_site_web"
"chicago-sor.frontdeskhq.com","","","","","","google_site_web"
"chilloutcharleston.frontdeskhq.com","","","","","","bing_domain_web"
"circuitplus.frontdeskhq.com","","","","","","google_site_web"
"cjp.frontdeskhq.com","","","","","","google_site_web"
"clicks.frontdeskhq.com","","","","","","netcraft"
"columbia-sor.frontdeskhq.com","","","","","","google_site_web"
"condalcrossfit.frontdeskhq.com","","","","","","google_site_web"
"coralsprings-sor.frontdeskhq.com","","","","","","google_site_web"
"core-fitness.frontdeskhq.com","","","","","","google_site_web"
"corecompletefitness.frontdeskhq.com","","","","","","bing_domain_web"
"corefitinc.frontdeskhq.com","","","","","","google_site_web"
"covenantcrossfit.frontdeskhq.com","","","","","","google_site_web"
"cpmfitness.frontdeskhq.com","","","","","","bing_domain_web"
"crossfit404.frontdeskhq.com","","","","","","google_site_web"
"crossfit518.frontdeskhq.com","","","","","","google_site_web"
"crossfit7mile.frontdeskhq.com","","","","","","google_site_web"
"crossfit979.frontdeskhq.com","","","","","","google_site_web"
"crossfitabv.frontdeskhq.com","","","","","","google_site_web"
"crossfitagoge.frontdeskhq.com","","","","","","google_site_web"
"crossfitanalog.frontdeskhq.com","","","","","","google_site_web"
"crossfitarcane.frontdeskhq.com","","","","","","google_site_web"
"crossfitbethany.frontdeskhq.com","","","","","","google_site_web"
"crossfitbroadway.frontdeskhq.com","","","","","","bing_domain_web"
"crossfitburien.frontdeskhq.com","","","","","","bing_domain_web"
"crossfitbwi.frontdeskhq.com","","","","","","google_site_web"
"crossfitcandor.frontdeskhq.com","","","","","","google_site_web"
"crossfitcda.frontdeskhq.com","","","","","","bing_domain_web"
"crossfitchamblee.frontdeskhq.com","","","","","","bing_domain_web"
"crossfitcharlottesville.frontdeskhq.com","","","","","","google_site_web"
"crossfitchateauguay.frontdeskhq.com","","","","","","bing_domain_web"
"crossfitcopley.frontdeskhq.com","","","","","","google_site_web"
"crossfitcriticalmass.frontdeskhq.com","","","","","","google_site_web"
"crossfitdepot.frontdeskhq.com","","","","","","google_site_web"
"crossfitdwala.frontdeskhq.com","","","","","","google_site_web"
"crossfiteado.frontdeskhq.com","","","","","","google_site_web"
"crossfitechelon.frontdeskhq.com","","","","","","bing_domain_web"
"crossfitg23.frontdeskhq.com","","","","","","google_site_web"
"crossfitgallant.frontdeskhq.com","","","","","","google_site_web"
"crossfitgrind.frontdeskhq.com","","","","","","google_site_web"
"crossfitgsp.frontdeskhq.com","","","","","","google_site_web"
"crossfithale.frontdeskhq.com","","","","","","google_site_web"
"crossfithidef.frontdeskhq.com","","","","","","bing_domain_web"
"crossfithierarchy.frontdeskhq.com","","","","","","google_site_web"
"crossfitironcity.frontdeskhq.com","","","","","","google_site_web"
"crossfitironstone.frontdeskhq.com","","","","","","google_site_web"
"crossfitkingstowne.frontdeskhq.com","","","","","","google_site_web"
"crossfitmaximus.frontdeskhq.com","","","","","","google_site_web"
"crossfitmdi.frontdeskhq.com","","","","","","google_site_web"
"crossfitmenomoneefalls.frontdeskhq.com","","","","","","bing_domain_web"
"crossfitmuskego.frontdeskhq.com","","","","","","google_site_web"
"crossfitmva.frontdeskhq.com","","","","","","google_site_web"
"crossfitokc.frontdeskhq.com","","","","","","google_site_web"
"crossfitpantego.frontdeskhq.com","","","","","","google_site_web"
"crossfitqueens.frontdeskhq.com","","","","","","google_site_web"
"crossfitrevolver.frontdeskhq.com","","","","","","google_site_web"
"crossfitseo.frontdeskhq.com","","","","","","bing_domain_web"
"crossfitslash.frontdeskhq.com","","","","","","google_site_web"
"crossfitsofla.frontdeskhq.com","","","","","","google_site_web"
"crossfitsouth.frontdeskhq.com","","","","","","bing_domain_web"
"crossfitstreets.frontdeskhq.com","","","","","","google_site_web"
"crossfitswansea.frontdeskhq.com","","","","","","google_site_web"
"crossfitsyndicate.frontdeskhq.com","","","","","","google_site_web"
"crossfitteam059.frontdeskhq.com","","","","","","google_site_web"
"crossfitthames.frontdeskhq.com","","","","","","google_site_web"
"crossfittorbay.frontdeskhq.com","","","","","","google_site_web"
"crossfittorque.frontdeskhq.com","","","","","","google_site_web"
"crossfitupperkeys.frontdeskhq.com","","","","","","google_site_web"
"crossfitvertigo.frontdeskhq.com","","","","","","google_site_web"
"crossfitwestallis.frontdeskhq.com","","","","","","google_site_web"
"crossfitwhistler.frontdeskhq.com","","","","","","bing_domain_web"
"crossfitwoodbury.frontdeskhq.com","","","","","","google_site_web"
"crossmuaythai.frontdeskhq.com","","","","","","google_site_web"
"dallas-sor.frontdeskhq.com","","","","","","google_site_web"
"dccrossfit.frontdeskhq.com","","","","","","google_site_web"
"deep.frontdeskhq.com","","","","","","bing_domain_web"
"deltaweightlifting.frontdeskhq.com","","","","","","google_site_web"
"developer.frontdeskhq.com","","","","","","bing_domain_web"
"districth.frontdeskhq.com","","","","","","bing_domain_web"
"divinebodyfit.frontdeskhq.com","","","","","","bing_domain_web"
"eastbrunswick-sor.frontdeskhq.com","","","","","","google_site_web"
"eastcobb-sor.frontdeskhq.com","","","","","","google_site_web"
"eastdallascrossfit.frontdeskhq.com","","","","","","google_site_web"
"easton-sor.frontdeskhq.com","","","","","","google_site_web"
"edenprairie-sor.frontdeskhq.com","","","","","","google_site_web"
"efficientexercise.frontdeskhq.com","","","","","","google_site_web"
"elmhurst-sor.frontdeskhq.com","","","","","","google_site_web"
"embarkfitness365.frontdeskhq.com","","","","","","bing_domain_web"
"empowered.frontdeskhq.com","","","","","","google_site_web"
"enlightenedmama.frontdeskhq.com","","","","","","bing_domain_web"
"eobcrossfit.frontdeskhq.com","","","","","","google_site_web"
"epicenter.frontdeskhq.com","","","","","","google_site_web"
"esportezoom.frontdeskhq.com","","","","","","google_site_web"
"everydayathlete.frontdeskhq.com","","","","","","google_site_web"
"everydaypaleo.frontdeskhq.com","","","","","","google_site_web"
"evofit.frontdeskhq.com","","","","","","baidu_site"
"excel.frontdeskhq.com","","","","","","bing_domain_web"
"exceldefense.frontdeskhq.com","","","","","","bing_domain_web"
"farmingdale-sor.frontdeskhq.com","","","","","","google_site_web"
"farmington-sor.frontdeskhq.com","","","","","","google_site_web"
"fimgym.frontdeskhq.com","","","","","","google_site_web"
"firepower.frontdeskhq.com","","","","","","google_site_web"
"firepowerkids.frontdeskhq.com","","","","","","google_site_web"
"fit4mom-arlington-alexandria.frontdeskhq.com","","","","","","bing_domain_web"
"fit4mom-ballard.frontdeskhq.com","","","","","","bing_domain_web"
"fit4mom-bellevue.frontdeskhq.com","","","","","","google_site_web"
"fit4mom-bothell-kirkland.frontdeskhq.com","","","","","","bing_domain_web"
"fit4mom-brooklyn.frontdeskhq.com","","","","","","google_site_web"
"fit4mom-centraloahu.frontdeskhq.com","","","","","","google_site_web"
"fit4mom-chhillplymeet.frontdeskhq.com","","","","","","google_site_web"
"fit4mom-fountainvalley.frontdeskhq.com","","","","","","google_site_web"
"fit4mom-frontrange.frontdeskhq.com","","","","","","google_site_web"
"fit4mom-grapevine.frontdeskhq.com","","","","","","google_site_web"
"fit4mom-hq.frontdeskhq.com","","","","","","google_site_web"
"fit4mom-lexington.frontdeskhq.com","","","","","","google_site_web"
"fit4mom-midpeninsula.frontdeskhq.com","","","","","","google_site_web"
"fit4mom-millcreek.frontdeskhq.com","","","","","","google_site_web"
"fit4mom-monterey.frontdeskhq.com","","","","","","google_site_web"
"fit4mom-norfolk.frontdeskhq.com","","","","","","google_site_web"
"fit4mom-northsanantonio.frontdeskhq.com","","","","","","bing_domain_web"
"fit4mom-olympia.frontdeskhq.com","","","","","","google_site_web"
"fit4mom-philadelphia.frontdeskhq.com","","","","","","google_site_web"
"fit4mom-puyallup.frontdeskhq.com","","","","","","google_site_web"
"fit4mom-redmond.frontdeskhq.com","","","","","","google_site_web"
"fit4mom-renton.frontdeskhq.com","","","","","","google_site_web"
"fit4mom-riverside.frontdeskhq.com","","","","","","google_site_web"
"fit4mom-sacramento.frontdeskhq.com","","","","","","bing_domain_web"
"fit4mom-sandiego.frontdeskhq.com","","","","","","google_site_web"
"fit4mom-santamonica.frontdeskhq.com","","","","","","google_site_web"
"fit4mom-seattle.frontdeskhq.com","","","","","","google_site_web"
"fit4mom-seking.frontdeskhq.com","","","","","","bing_domain_web"
"fit4mom-southseattle.frontdeskhq.com","","","","","","bing_domain_web"
"fit4mom-tampabay.frontdeskhq.com","","","","","","bing_domain_web"
"fit4mom-watertown.frontdeskhq.com","","","","","","google_site_web"
"fit4mom-wichitafalls.frontdeskhq.com","","","","","","google_site_web"
"fit4uct.frontdeskhq.com","","","","","","bing_domain_web"
"fitballet.frontdeskhq.com","","","","","","google_site_web"
"fitnessbattalion.frontdeskhq.com","","","","","","google_site_web"
"fitnessclub815.frontdeskhq.com","","","","","","bing_domain_web"
"fitnesswave.frontdeskhq.com","","","","","","bing_domain_web"
"flexfit.frontdeskhq.com","","","","","","baidu_site"
"floatbeyond.frontdeskhq.com","","","","","","google_site_web"
"flowermound-sor.frontdeskhq.com","","","","","","google_site_web"
"flux.frontdeskhq.com","","","","","","google_site_web"
"fortworth-sor.frontdeskhq.com","","","","","","google_site_web"
"fourbalancefitness.frontdeskhq.com","","","","","","google_site_web"
"fpa.frontdeskhq.com","","","","","","google_site_web"
"frisco-sor.frontdeskhq.com","","","","","","google_site_web"
"fruitionseattle.frontdeskhq.com","","","","","","bing_domain_web"
"fuel.frontdeskhq.com","","","","","","google_site_web"
"fulcrumtraininghall.frontdeskhq.com","","","","","","google_site_web"
"fusionfitnessllc.frontdeskhq.com","","","","","","bing_domain_web"
"gaglionestrength.frontdeskhq.com","","","","","","google_site_web"
"gbokrav.frontdeskhq.com","","","","","","bing_domain_web"
"georgiastrength.frontdeskhq.com","","","","","","bing_domain_web"
"gerak-ilham.frontdeskhq.com","","","","","","google_site_web"
"germantown-sor.frontdeskhq.com","","","","","","google_site_web"
"getfitwarehouse.frontdeskhq.com","","","","","","google_site_web"
"gobeyondfitness.frontdeskhq.com","","","","","","google_site_web"
"grapevinecrossfit.frontdeskhq.com","","","","","","bing_domain_web"
"groupxbeijing.frontdeskhq.com","","","","","","bing_domain_web"
"grow.frontdeskhq.com","","","","","","bing_domain_web"
"gzcrossfit.frontdeskhq.com","","","","","","google_site_web"
"headstartclinics.frontdeskhq.com","","","","","","bing_domain_web"
"hiloshala.frontdeskhq.com","","","","","","google_site_web"
"hinsdale-sor.frontdeskhq.com","","","","","","google_site_web"
"houseofcrossfit.frontdeskhq.com","","","","","","google_site_web"
"impactathleticsandmultisport.frontdeskhq.com","","","","","","google_site_web"
"insideoutyogacenter.frontdeskhq.com","","","","","","google_site_web"
"intenseconditioninghomewood.frontdeskhq.com","","","","","","bing_domain_web"
"intrepidathletics.frontdeskhq.com","","","","","","google_site_web"
"invictus.frontdeskhq.com","","","","","","google_site_web"
"istudio.frontdeskhq.com","","","","","","google_site_web"
"itba.frontdeskhq.com","","","","","","bing_domain_web"
"jaxsc.frontdeskhq.com","","","","","","baidu_site"
"jccolosseum.frontdeskhq.com","","","","","","google_site_web"
"jewelcitycrossfit.frontdeskhq.com","","","","","","bing_domain_web"
"jewelcityyoga.frontdeskhq.com","","","","","","google_site_web"
"johnscreek-sor.frontdeskhq.com","","","","","","google_site_web"
"jsstrength.frontdeskhq.com","","","","","","bing_domain_web"
"kansascity-sor.frontdeskhq.com","","","","","","google_site_web"
"karnafitness-huntingtonnorthport.frontdeskhq.com","","","","","","google_site_web"
"karnafitness-sarasotadowntown.frontdeskhq.com","","","","","","google_site_web"
"katy-sor.frontdeskhq.com","","","","","","google_site_web"
"kauaicrossfit.frontdeskhq.com","","","","","","google_site_web"
"kbsb.frontdeskhq.com","","","","","","google_site_web"
"keolabodyworks.frontdeskhq.com","","","","","","bing_domain_web"
"kettlebells.frontdeskhq.com","","","","","","bing_domain_web"
"kidvillebrentwood.frontdeskhq.com","","","","","","google_site_web"
"kinetic6fitness.frontdeskhq.com","","","","","","google_site_web"
"kirkwood-sor.frontdeskhq.com","","","","","","google_site_web"
"klew.frontdeskhq.com","","","","","","google_site_web"
"kmchq.frontdeskhq.com","","","","","","google_site_web"
"krankbrooklyn.frontdeskhq.com","","","","","","google_site_web"
"kravmagacopenhagen.frontdeskhq.com","","","","","","bing_domain_web"
"kwcrossfit.frontdeskhq.com","","","","","","bing_domain_web"
"lasvegaswest-sor.frontdeskhq.com","","","","","","google_site_web"
"laughingjade.frontdeskhq.com","","","","","","bing_domain_web"
"leanryde.frontdeskhq.com","","","","","","bing_domain_web"
"letronocrossfit.frontdeskhq.com","","","","","","bing_domain_web"
"lifespark.frontdeskhq.com","","","","","","bing_domain_web"
"limberyoga.frontdeskhq.com","","","","","","bing_domain_web"
"lindyloft.frontdeskhq.com","","","","","","bing_domain_web"
"little-engineers.frontdeskhq.com","","","","","","google_site_web"
"lotuscrossfit.frontdeskhq.com","","","","","","google_site_web"
"lubbock-sor.frontdeskhq.com","","","","","","google_site_web"
"lutece.frontdeskhq.com","","","","","","bing_domain_web"
"madison-sor.frontdeskhq.com","","","","","","google_site_web"
"mainline-sor.frontdeskhq.com","","","","","","google_site_web"
"make.frontdeskhq.com","","","","","","baidu_site"
"mamamassage.frontdeskhq.com","","","","","","google_site_web"
"mansfield-sor.frontdeskhq.com","","","","","","google_site_web"
"mason-sor.frontdeskhq.com","","","","","","google_site_web"
"massifathletics.frontdeskhq.com","","","","","","bing_domain_web"
"maxfitness.frontdeskhq.com","","","","","","google_site_web"
"mbs.frontdeskhq.com","","","","","","bing_domain_web"
"mcmillantraining.frontdeskhq.com","","","","","","google_site_web"
"meangreen.frontdeskhq.com","","","","","","google_site_web"
"memphis-sor.frontdeskhq.com","","","","","","google_site_web"
"mercyfitness.frontdeskhq.com","","","","","","google_site_web"
"michiganshores.frontdeskhq.com","","","","","","bing_domain_web"
"mixxyoga.frontdeskhq.com","","","","","","google_site_web"
"montclair-sor.frontdeskhq.com","","","","","","google_site_web"
"mvmntcrossfit.frontdeskhq.com","","","","","","google_site_web"
"naperville-sor.frontdeskhq.com","","","","","","google_site_web"
"nashville-sor.frontdeskhq.com","","","","","","google_site_web"
"navarrelivingyoga.frontdeskhq.com","","","","","","google_site_web"
"newtown-sor.frontdeskhq.com","","","","","","google_site_web"
"newyork-sor.frontdeskhq.com","","","","","","google_site_web"
"nickfit.frontdeskhq.com","","","","","","google_site_web"
"nltinstitute.frontdeskhq.com","","","","","","bing_domain_web"
"nolimits.frontdeskhq.com","","","","","","baidu_site"
"norisk.frontdeskhq.com","","","","","","google_site_web"
"northfit.frontdeskhq.com","","","","","","google_site_web"
"oakpark-sor.frontdeskhq.com","","","","","","google_site_web"
"oceanside-sor.frontdeskhq.com","","","","","","google_site_web"
"oceansidecrossfit.frontdeskhq.com","","","","","","google_site_web"
"opus1music.frontdeskhq.com","","","","","","google_site_web"
"orhsptc.frontdeskhq.com","","","","","","google_site_web"
"otla.frontdeskhq.com","","","","","","google_site_web"
"otsf.frontdeskhq.com","","","","","","google_site_web"
"outlawcf.frontdeskhq.com","","","","","","google_site_web"
"outofstep.frontdeskhq.com","","","","","","google_site_web"
"oviedo-sor.frontdeskhq.com","","","","","","google_site_web"
"paintedbarstables.frontdeskhq.com","","","","","","bing_domain_web"
"paradigmperformancetherapy.frontdeskhq.com","","","","","","google_site_web"
"parkoursa.frontdeskhq.com","","","","","","google_site_web"
"partywithedgar.frontdeskhq.com","","","","","","google_site_web"
"peakfast.frontdeskhq.com","","","","","","google_site_web"
"perpetualmotion.frontdeskhq.com","","","","","","bing_domain_web"
"physicscrossfit.frontdeskhq.com","","","","","","google_site_web"
"pilatesbydesign.frontdeskhq.com","","","","","","google_site_web"
"pilatesv.frontdeskhq.com","","","","","","google_site_web"
"plainfield-sor.frontdeskhq.com","","","","","","google_site_web"
"playhappy-cafe.frontdeskhq.com","","","","","","google_site_web"
"portjefferson-sor.frontdeskhq.com","","","","","","google_site_web"
"potomaccrossfit.frontdeskhq.com","","","","","","bing_domain_web"
"preciselypilates.frontdeskhq.com","","","","","","google_site_web"
"princeton-sor.frontdeskhq.com","","","","","","google_site_web"
"profit.frontdeskhq.com","","","","","","bing_domain_web"
"projectpedal.frontdeskhq.com","","","","","","bing_domain_web"
"rcfglevum.frontdeskhq.com","","","","","","bing_domain_web"
"rcflv.frontdeskhq.com","","","","","","google_site_web"
"redbank-sor.frontdeskhq.com","","","","","","google_site_web"
"redefinefitness.frontdeskhq.com","","","","","","google_site_web"
"redzonetraining.frontdeskhq.com","","","","","","bing_domain_web"
"reebokcrossfitcoastalcarolina.frontdeskhq.com","","","","","","bing_domain_web"
"retraining.frontdeskhq.com","","","","","","google_site_web"
"rochester-sor.frontdeskhq.com","","","","","","google_site_web"
"rochesterparkour.frontdeskhq.com","","","","","","google_site_web"
"rockyriver-sor.frontdeskhq.com","","","","","","google_site_web"
"roslyn-sor.frontdeskhq.com","","","","","","google_site_web"
"rowstudios.frontdeskhq.com","","","","","","bing_domain_web"
"salsateros.frontdeskhq.com","","","","","","google_site_web"
"saltcavesouthlake.frontdeskhq.com","","","","","","bing_domain_web"
"saltroomyoga.frontdeskhq.com","","","","","","bing_domain_web"
"sanantonio-sor.frontdeskhq.com","","","","","","google_site_web"
"sandy-sor.frontdeskhq.com","","","","","","google_site_web"
"sbstrength.frontdeskhq.com","","","","","","bing_domain_web"
"scottsdale-sor.frontdeskhq.com","","","","","","google_site_web"
"seattle-sor.frontdeskhq.com","","","","","","google_site_web"
"seekonk-sor.frontdeskhq.com","","","","","","google_site_web"
"shorelinecrossfit.frontdeskhq.com","","","","","","google_site_web"
"shorewood-sor.frontdeskhq.com","","","","","","google_site_web"
"shortpump-sor.frontdeskhq.com","","","","","","google_site_web"
"showcircusstudio.frontdeskhq.com","","","","","","google_site_web"
"silverdalecrossfit.frontdeskhq.com","","","","","","google_site_web"
"silverspring-sor.frontdeskhq.com","","","","","","google_site_web"
"six0fivesandc.frontdeskhq.com","","","","","","bing_domain_web"
"smokymountaincf.frontdeskhq.com","","","","","","google_site_web"
"solir.frontdeskhq.com","","","","","","bing_domain_web"
"somerville-sor.frontdeskhq.com","","","","","","google_site_web"
"soulruckus.frontdeskhq.com","","","","","","google_site_web"
"southlakekeller-sor.frontdeskhq.com","","","","","","google_site_web"
"spinderellastudios.frontdeskhq.com","","","","","","bing_domain_web"
"sportsbandits.frontdeskhq.com","","","","","","google_site_web"
"ssda.frontdeskhq.com","","","","","","google_site_web"
"stpaul-sor.frontdeskhq.com","","","","","","google_site_web"
"strollerstrides.frontdeskhq.com","","","","","","google_site_web"
"strongsville-sor.frontdeskhq.com","","","","","","google_site_web"
"stryke.frontdeskhq.com","","","","","","google_site_web"
"studiob.frontdeskhq.com","","","","","","bing_domain_web"
"sweat.frontdeskhq.com","","","","","","google_site_web"
"swimlabsnw.frontdeskhq.com","","","","","","bing_domain_web"
"t3fitnessenergy.frontdeskhq.com","","","","","","bing_domain_web"
"talon.frontdeskhq.com","","","","","","baidu_site"
"tas.frontdeskhq.com","","","","","","bing_domain_web"
"taylorsport.frontdeskhq.com","","","","","","google_site_web"
"tcs.frontdeskhq.com","","","","","","google_site_web"
"tektoncrossfit.frontdeskhq.com","","","","","","google_site_web"
"tempestscw.frontdeskhq.com","","","","","","bing_domain_web"
"tenafly-sor.frontdeskhq.com","","","","","","google_site_web"
"thearenafitnesscenter.frontdeskhq.com","","","","","","google_site_web"
"thebodyfirm.frontdeskhq.com","","","","","","google_site_web"
"thecryozone.frontdeskhq.com","","","","","","google_site_web"
"thecyclinggym.frontdeskhq.com","","","","","","google_site_web"
"theflowyogawellness.frontdeskhq.com","","","","","","google_site_web"
"thehealthiestyoufitness.frontdeskhq.com","","","","","","google_site_web"
"theironbargym.frontdeskhq.com","","","","","","google_site_web"
"thelab.frontdeskhq.com","","","","","","google_site_web"
"themovementcreative.frontdeskhq.com","","","","","","google_site_web"
"thepolebarnstudio.frontdeskhq.com","","","","","","bing_domain_web"
"thewoodlands-sor.frontdeskhq.com","","","","","","google_site_web"
"theyogahouse.frontdeskhq.com","","","","","","bing_domain_web"
"thirtyfournorth.frontdeskhq.com","","","","","","bing_domain_web"
"toca.frontdeskhq.com","","","","","","google_site_web"
"tracyanderson.frontdeskhq.com","","","","","","bing_domain_web"
"tribal.frontdeskhq.com","","","","","","google_site_web"
"tridentkettlebells.frontdeskhq.com","","","","","","google_site_web"
"triplethreatsd.frontdeskhq.com","","","","","","google_site_web"
"tustin-sor.frontdeskhq.com","","","","","","google_site_web"
"twistedtriangle.frontdeskhq.com","","","","","","google_site_web"
"ubercf.frontdeskhq.com","","","","","","google_site_web"
"ufitbootcamp.frontdeskhq.com","","","","","","google_site_web"
"undefeatedcrossfit.frontdeskhq.com","","","","","","bing_domain_web"
"urbanlife.frontdeskhq.com","","","","","","google_site_web"
"valleyyoga.frontdeskhq.com","","","","","","google_site_web"
"vienna-sor.frontdeskhq.com","","","","","","google_site_web"
"vilafitness.frontdeskhq.com","","","","","","google_site_web"
"wakebarbellandsportsacademy.frontdeskhq.com","","","","","","google_site_web"
"waldwick-sor.frontdeskhq.com","","","","","","google_site_web"
"walkyourdogclub.frontdeskhq.com","","","","","","google_site_web"
"warehouse41.frontdeskhq.com","","","","","","google_site_web"
"warriorroom.frontdeskhq.com","","","","","","google_site_web"
"wayne-sor.frontdeskhq.com","","","","","","google_site_web"
"westla-sor.frontdeskhq.com","","","","","","google_site_web"
"wexford-sor.frontdeskhq.com","","","","","","google_site_web"
"wgfit.frontdeskhq.com","","","","","","google_site_web"
"wilcoxwellnessfitness.frontdeskhq.com","","","","","","google_site_web"
"wilmington-sor.frontdeskhq.com","","","","","","google_site_web"
"winecountrycrossfit.frontdeskhq.com","","","","","","google_site_web"
"www.frontdeskhq.com","","","","","","baidu_site"
"xfactor.frontdeskhq.com","","","","","","google_site_web"
"xplorecrossfit.frontdeskhq.com","","","","","","google_site_web"
"y2yoga.frontdeskhq.com","","","","","","bing_domain_web"
"ynpndenver.frontdeskhq.com","","","","","","google_site_web"
"ynpnphoenix.frontdeskhq.com","","","","","","google_site_web"
"yoga7even.frontdeskhq.com","","","","","","google_site_web"
"yogabalance.frontdeskhq.com","","","","","","bing_domain_web"
"yogaistherapy.frontdeskhq.com","","","","","","google_site_web"
"yogavoice.frontdeskhq.com","","","","","","google_site_web"
"yucaipacrossfit.frontdeskhq.com","","","","","","google_site_web"
